{
  "model": "qwen2.5:7b",
  "runs": 10,
  "timings": [
    4.599787124999921,
    1.2901096250000137,
    1.1364857080000093,
    1.1539942499999825,
    1.1567236660000617,
    1.1030138329999772,
    1.1079069999999547,
    1.0767745420000665,
    1.1512978749999547,
    1.0732499169999983
  ],
  "mean_s": 1.4849,
  "std_s": 1.0962,
  "min_s": 1.0732,
  "max_s": 4.5998,
  "measured_at": "2026-02-25T22:51:35.547821",
  "hardware": "Apple Silicon M-series 16GB unified memory"
}